Name,Email,Score,Time Played,Submitted At
Sayed,Alalawi.dsba@gmail.com,2920,1m 58s,2026-10-07T07:42:27.159Z
Sami Alajaji,S.alajaji@tanamicapital.com,3890,1m 42s,2026-10-07T07:48:52.776Z
Zaid,Z.kanoo@tanamicapital.com,3510,1m 36s,2026-10-07T07:49:09.573Z
Ghassan,Ghassan@wajba.me,4350,1m 36s,2026-10-07T08:02:08.867Z
Nasser,nasser@wajba.me,4080,1m 25s,2026-10-07T08:02:11.282Z
Huda,daskalidesbahrain@hotmail.com,2190,2m 8s,2026-10-07T08:44:09.721Z
Husain,Khamisi-94@hotmail.com,3610,1m 47s,2026-10-07T08:50:37.964Z
Ishpreet,Jessicabajwa12006@gmail.com,2560,1m 33s,2026-10-07T09:04:32.344Z
Moon,Maha.ismail.ali@gmail.com,2540,1m 43s,2026-10-07T09:05:20.290Z
Saleem Kooheji,saleemkooheji@yahoo.com,2410,1m 47s,2026-10-07T09:54:57.907Z
TB,t_bo5owa@hotmail.com,2810,1m 37s,2026-10-07T10:11:36.975Z
mohamed khoori,mohammedkhoori2001@gmail.com,4000,1m 35s,2026-10-07T10:55:05.256Z
mariam,mariamfalmahmood@gmail.com,3740,1m 44s,2026-10-07T10:55:14.838Z
Zaid kanoo,Zaidkanoo@gmail.com,1860,1m 40s,2026-10-07T11:05:19.883Z
Mahdi,Mahdi.almajid@gmail.com,2210,1m 47s,2026-10-07T11:05:59.057Z
Mohamed Matar,Mkalasal@hotmail.com,3270,1m 46s,2026-10-07T11:11:27.752Z
Mohamed,m.sharaf@me.com,3390,1m 43s,2026-10-07T11:29:15.832Z
RAW,rixhard@1818venturecapital.com,3390,1m 35s,2026-10-07T11:29:38.562Z
Syed Mamoon,syed.mamoon@nubitlink.com,3630,1m 31s,2026-10-07T12:00:38.579Z
Mohammed Hejairi,Mhejairi2007@gmail.com,3230,1m 40s,2026-10-08T09:30:32.048Z
Dana,danatalal749@gmail.com,2200,1m 32s,2026-10-08T10:08:15.135Z
